source,target,weight,costo
ILKAP,CHEK2,0.721,0.279
HUS1,TP53,0.712,0.28800000000000003
HUS1,RAD51,0.856,0.14400000000000002
HUS1,ATM,0.928,0.07199999999999995
HUS1,CHEK2,0.758,0.242
HUS1,BRCA1,0.87,0.13
HUS1,BRIP1,0.71,0.29000000000000004
HUS1,BRCA2,0.755,0.245
BIRC5,TP53,0.93,0.06999999999999995
BIRC5,RAD51,0.853,0.14700000000000002
HDAC1,TP53,0.999,0.0010000000000000009
HDAC1,ATM,0.948,0.052000000000000046
HDAC1,BRCA1,0.958,0.04200000000000004
PPP2CA,TP53,0.833,0.16700000000000004
PPP2CA,CHEK2,0.836,0.16400000000000003
FLNA,BRCA1,0.917,0.08299999999999996
FLNA,BRCA2,0.977,0.02300000000000002
BMI1,TP53,0.956,0.04400000000000004
BMI1,RAD51,0.792,0.20799999999999996
BMI1,ATM,0.826,0.17400000000000004
BMI1,BARD1,0.924,0.07599999999999996
BMI1,BRCA1,0.97,0.030000000000000027
BMI1,BRCA2,0.78,0.21999999999999997
PCLAF,RAD51,0.745,0.255
PCLAF,BRCA1,0.81,0.18999999999999995
MALSU1,PALB2,0.807,0.19299999999999995
MYCN,TP53,0.852,0.14800000000000002
MYCN,BRCA1,0.728,0.272
DMC1,RAD51,0.991,0.009000000000000008
DMC1,ATM,0.866,0.134
DMC1,BRCA1,0.832,0.16800000000000004
DMC1,BRCA2,0.979,0.02100000000000002
EXO1,TP53,0.708,0.29200000000000004
EXO1,RAD51,0.997,0.0030000000000000027
EXO1,ATM,0.963,0.03700000000000003
EXO1,CHEK2,0.896,0.10399999999999998
EXO1,BARD1,0.858,0.14200000000000002
EXO1,BRCA1,0.981,0.019000000000000017
EXO1,PALB2,0.848,0.15200000000000002
EXO1,BRIP1,0.897,0.10299999999999998
EXO1,BRCA2,0.951,0.049000000000000044
H3C4,TP53,0.861,0.139
H3C4,BARD1,0.911,0.08899999999999997
SMC6,RAD51,0.8,0.19999999999999996
SMC6,CHEK2,0.766,0.23399999999999999
LMNB1,BRCA1,0.809,0.19099999999999995
RIF1,ATM,0.823,0.17700000000000005
RIF1,BRCA1,0.813,0.18700000000000006
KRT5,TP53,0.737,0.263
H4-16,TP53,0.824,0.17600000000000005
H4-16,BARD1,0.907,0.09299999999999997
TUBGCP6,BRCA1,0.902,0.09799999999999998
H3C2,TP53,0.879,0.121
H3C2,BARD1,0.916,0.08399999999999996
MCM4,TP53,0.722,0.278
MCM4,RAD51,0.809,0.19099999999999995
MCM4,CHEK2,0.927,0.07299999999999995
MED17,TP53,0.914,0.08599999999999997
H2AC6,BARD1,0.951,0.049000000000000044
TIMELESS,ATM,0.817,0.18300000000000005
TIMELESS,CHEK2,0.707,0.29300000000000004
H3C11,TP53,0.857,0.14300000000000002
H3C11,BARD1,0.911,0.08899999999999997
RAD21,BRCA1,0.841,0.15900000000000003
RAD21,BRCA2,0.72,0.28
H3C6,TP53,0.859,0.14100000000000001
H3C6,BARD1,0.913,0.08699999999999997
STAT1,TP53,0.781,0.21899999999999997
STAT1,BRCA1,0.958,0.04200000000000004
CDC26,RAD51,0.72,0.28
CDC26,BARD1,0.907,0.09299999999999997
CDC26,BRCA1,0.906,0.09399999999999997
CDC26,BRCA2,0.752,0.248
TUBGCP4,BRCA1,0.908,0.09199999999999997
IFNG,TP53,0.834,0.16600000000000004
NDUFS4,PALB2,0.971,0.029000000000000026
AURKA,TP53,0.998,0.0020000000000000018
AURKA,BRCA1,0.942,0.05800000000000005
ERCC4,RAD51,0.927,0.07299999999999995
ERCC4,ATM,0.965,0.03500000000000003
ERCC4,CHEK2,0.76,0.24
ERCC4,BRCA1,0.914,0.08599999999999997
ERCC4,PALB2,0.818,0.18200000000000005
ERCC4,BRIP1,0.82,0.18000000000000005
ERCC4,BRCA2,0.852,0.14800000000000002
MAPK13,TP53,0.943,0.05700000000000005
UQCRC1,PALB2,0.734,0.266
ERBB2,TP53,0.935,0.06499999999999995
ERBB2,ATM,0.748,0.252
ERBB2,BRCA1,0.918,0.08199999999999996
ERBB2,BRCA2,0.873,0.127
DROSHA,TP53,0.996,0.0040000000000000036
DROSHA,BRCA1,0.944,0.05600000000000005
KDM1A,TP53,0.941,0.05900000000000005
KDM1A,ATM,0.929,0.07099999999999995
KDM1A,BRCA1,0.717,0.28300000000000003
FSBP,RAD51,0.978,0.02200000000000002
FSBP,BRCA1,0.874,0.126
FSBP,BRCA2,0.838,0.16200000000000003
FAAP100,BRIP1,0.729,0.271
GTF2H1,TP53,0.95,0.050000000000000044
GTF2H1,BRIP1,0.758,0.242
STAT3,TP53,0.994,0.006000000000000005
STAT3,BRCA1,0.812,0.18799999999999994
KIF23,BRCA1,0.713,0.28700000000000003
NR0B2,TP53,0.777,0.22299999999999998
MMP7,TP53,0.774,0.22599999999999998
NFKB1,TP53,0.989,0.01100000000000001
NFKB1,ATM,0.746,0.254
NFKB1,BRCA1,0.726,0.274
ERCC1,RAD51,0.908,0.09199999999999997
ERCC1,ATM,0.975,0.025000000000000022
ERCC1,CHEK2,0.739,0.261
ERCC1,BRCA1,0.93,0.06999999999999995
ERCC1,PALB2,0.757,0.243
ERCC1,BRIP1,0.716,0.28400000000000003
ERCC1,BRCA2,0.877,0.123
MMS22L,RAD51,0.713,0.28700000000000003
MMS22L,BRCA1,0.748,0.252
PMS2,TP53,0.936,0.06399999999999995
PMS2,RAD51,0.784,0.21599999999999997
PMS2,ATM,0.886,0.11399999999999999
PMS2,CHEK2,0.734,0.266
PMS2,BARD1,0.738,0.262
PMS2,BRCA1,0.95,0.050000000000000044
PMS2,PALB2,0.947,0.05300000000000005
PMS2,BRIP1,0.993,0.007000000000000006
PMS2,BRCA2,0.947,0.05300000000000005
RTEL1,RAD51,0.812,0.18799999999999994
RTEL1,ATM,0.716,0.28400000000000003
RTEL1,BRCA1,0.852,0.14800000000000002
ANAPC10,RAD51,0.727,0.273
ANAPC10,BARD1,0.904,0.09599999999999997
ANAPC10,BRCA1,0.909,0.09099999999999997
ANAPC10,BRCA2,0.73,0.27
CDC25C,TP53,0.894,0.10599999999999998
CDC25C,ATM,0.813,0.18700000000000006
CDC25C,CHEK2,0.998,0.0020000000000000018
CDC25C,BRCA1,0.735,0.265
BRCC3,RAD51,0.969,0.031000000000000028
BRCC3,BARD1,0.999,0.0010000000000000009
BRCC3,BRCA1,0.999,0.0010000000000000009
BRCC3,BRCA2,0.984,0.016000000000000014
SPO11,RAD51,0.965,0.03500000000000003
SPO11,ATM,0.905,0.09499999999999997
SPO11,BRCA1,0.8,0.19999999999999996
SPO11,BRCA2,0.751,0.249
KDM6B,TP53,0.786,0.21399999999999997
POLQ,RAD51,0.822,0.17800000000000005
POLQ,BRCA1,0.751,0.249
POLQ,BRCA2,0.804,0.19599999999999995
SESN2,TP53,0.854,0.14600000000000002
TWIST1,TP53,0.967,0.03300000000000003
NDUFA7,PALB2,0.948,0.052000000000000046
FAAP24,BRCA1,0.749,0.251
FAAP24,BRIP1,0.774,0.22599999999999998
FAAP24,BRCA2,0.716,0.28400000000000003
CCAR2,TP53,0.726,0.274
CCAR2,ATM,0.823,0.17700000000000005
NHEJ1,ATM,0.982,0.018000000000000016
NHEJ1,BRCA1,0.799,0.20099999999999996
NHEJ1,PALB2,0.725,0.275
NHEJ1,BRCA2,0.803,0.19699999999999995
CCNA1,TP53,0.974,0.026000000000000023
CCNA1,ATM,0.81,0.18999999999999995
CCNA1,BRCA1,0.779,0.22099999999999997
H4C1,TP53,0.82,0.18000000000000005
H4C1,BARD1,0.907,0.09299999999999997
WEE1,TP53,0.753,0.247
WEE1,ATM,0.766,0.23399999999999999
WEE1,CHEK2,0.883,0.11699999999999999
SOCS1,TP53,0.839,0.16100000000000003
SOCS1,ATM,0.733,0.267
NDUFV1,PALB2,0.934,0.06599999999999995
AKT3,TP53,0.953,0.04700000000000004
AKT3,BRCA1,0.934,0.06599999999999995
REV3L,RAD51,0.881,0.119
REV3L,CHEK2,0.735,0.265
HHAT,PALB2,0.807,0.19299999999999995
MYBL2,TP53,0.742,0.258
XRCC4,RAD51,0.748,0.252
XRCC4,ATM,0.98,0.020000000000000018
XRCC4,BRCA1,0.866,0.134
XRCC4,PALB2,0.749,0.251
XRCC4,BRCA2,0.845,0.15500000000000003
XRCC6,TP53,0.955,0.04500000000000004
XRCC6,RAD51,0.93,0.06999999999999995
XRCC6,ATM,0.997,0.0030000000000000027
XRCC6,CHEK2,0.812,0.18799999999999994
XRCC6,BARD1,0.936,0.06399999999999995
XRCC6,BRCA1,0.953,0.04700000000000004
XRCC6,PALB2,0.775,0.22499999999999998
XRCC6,BRCA2,0.883,0.11699999999999999
RRM2,TP53,0.803,0.19699999999999995
RRM2,RAD51,0.709,0.29100000000000004
MIF,TP53,0.731,0.269
H3-2,TP53,0.863,0.137
H3-2,RAD51,0.758,0.242
H3-2,ATM,0.755,0.245
H3-2,BRCA1,0.743,0.257
NDUFB6,PALB2,0.946,0.05400000000000005
H3C3,TP53,0.867,0.133
H3C3,BARD1,0.914,0.08599999999999997
GADD45A,TP53,0.991,0.009000000000000008
GADD45A,ATM,0.746,0.254
GADD45A,BRCA1,0.71,0.29000000000000004
COP1,TP53,0.961,0.039000000000000035
COP1,ATM,0.793,0.20699999999999996
RNF8,RAD51,0.717,0.28300000000000003
RNF8,ATM,0.926,0.07399999999999995
RNF8,CHEK2,0.897,0.10299999999999998
RNF8,BARD1,0.908,0.09199999999999997
RNF8,BRCA1,0.97,0.030000000000000027
ANO1,BRIP1,0.785,0.21499999999999997
ERCC2,TP53,0.804,0.19599999999999995
ERCC2,RAD51,0.879,0.121
ERCC2,ATM,0.914,0.08599999999999997
ERCC2,BRCA1,0.88,0.12
NDUFA11,PALB2,0.807,0.19299999999999995
PGR,TP53,0.849,0.15100000000000002
PGR,BRCA1,0.963,0.03700000000000003
PGR,BRCA2,0.795,0.20499999999999996
SMAD3,TP53,0.963,0.03700000000000003
SMAD3,BRCA1,0.867,0.133
SLX1A,RAD51,0.85,0.15000000000000002
SLX1A,ATM,0.725,0.275
SLX1A,BRCA1,0.736,0.264
SLX1A,PALB2,0.709,0.29100000000000004
SLX1A,BRIP1,0.803,0.19699999999999995
SLX1A,BRCA2,0.729,0.271
CHUK,TP53,0.914,0.08599999999999997
CHUK,ATM,0.747,0.253
RAD54B,RAD51,0.997,0.0030000000000000027
RAD54B,BRCA1,0.882,0.118
RAD54B,BRCA2,0.857,0.14300000000000002
EGR1,TP53,0.969,0.031000000000000028
RECQL,RAD51,0.78,0.21999999999999997
RECQL,BRCA1,0.782,0.21799999999999997
ESR1,TP53,0.992,0.008000000000000007
ESR1,BARD1,0.886,0.11399999999999999
ESR1,BRCA1,0.999,0.0010000000000000009
ESR1,BRCA2,0.723,0.277
AGO2,TP53,0.872,0.128
AGO2,RAD51,0.781,0.21899999999999997
MAPK14,TP53,0.994,0.006000000000000005
MAPK14,ATM,0.722,0.278
ANAPC16,RAD51,0.72,0.28
ANAPC16,BARD1,0.903,0.09699999999999998
ANAPC16,BRCA1,0.9,0.09999999999999998
ANAPC16,BRCA2,0.72,0.28
H4C2,TP53,0.821,0.17900000000000005
H4C2,BARD1,0.91,0.08999999999999997
SUPT16H,TP53,0.756,0.244
SMC3,ATM,0.806,0.19399999999999995
SMC3,BRCA1,0.756,0.244
H3C1,TP53,0.858,0.14200000000000002
H3C1,BARD1,0.946,0.05400000000000005
ZNF350,BRCA1,0.998,0.0020000000000000018
ATR,TP53,0.996,0.0040000000000000036
ATR,RAD51,0.942,0.05800000000000005
ATR,ATM,0.999,0.0010000000000000009
ATR,CHEK2,0.998,0.0020000000000000018
ATR,BARD1,0.725,0.275
ATR,BRCA1,0.996,0.0040000000000000036
ATR,BRIP1,0.775,0.22499999999999998
ATR,BRCA2,0.831,0.16900000000000004
PCGF2,RAD51,0.744,0.256
PCGF2,BARD1,0.91,0.08999999999999997
PCGF2,BRCA1,0.916,0.08399999999999996
PCGF2,BRCA2,0.727,0.273
H4C6,TP53,0.947,0.05300000000000005
H4C6,RAD51,0.716,0.28400000000000003
H4C6,ATM,0.772,0.22799999999999998
H4C6,CHEK2,0.81,0.18999999999999995
H4C6,BARD1,0.981,0.019000000000000017
H4C6,BRCA1,0.867,0.133
RMI1,RAD51,0.956,0.04400000000000004
RMI1,ATM,0.724,0.276
RMI1,BRCA1,0.915,0.08499999999999996
RMI1,BRIP1,0.757,0.243
RMI1,BRCA2,0.759,0.241
UBE2C,RAD51,0.904,0.09599999999999997
UBE2C,BARD1,0.936,0.06399999999999995
UBE2C,BRCA1,0.951,0.049000000000000044
UBE2C,BRCA2,0.802,0.19799999999999995
CDKN1A,TP53,0.999,0.0010000000000000009
CDKN1A,ATM,0.807,0.19299999999999995
CDKN1A,CHEK2,0.761,0.239
CDKN1A,BRCA1,0.809,0.19099999999999995
POLE,RAD51,0.828,0.17200000000000004
POLE,ATM,0.794,0.20599999999999996
POLE,CHEK2,0.778,0.22199999999999998
POLE,BARD1,0.787,0.21299999999999997
POLE,BRCA1,0.919,0.08099999999999996
POLE,PALB2,0.764,0.236
POLE,BRCA2,0.849,0.15100000000000002
RAD52,RAD51,0.999,0.0010000000000000009
RAD52,ATM,0.94,0.06000000000000005
RAD52,CHEK2,0.891,0.10899999999999999
RAD52,BARD1,0.805,0.19499999999999995
RAD52,BRCA1,0.987,0.013000000000000012
RAD52,PALB2,0.845,0.15500000000000003
RAD52,BRIP1,0.794,0.20599999999999996
RAD52,BRCA2,0.993,0.007000000000000006
CSTF1,BARD1,0.997,0.0030000000000000027
CSTF1,BRCA1,0.974,0.026000000000000023
UBA52,BARD1,0.953,0.04700000000000004
XRCC3,RAD51,0.998,0.0020000000000000018
XRCC3,ATM,0.918,0.08199999999999996
XRCC3,CHEK2,0.809,0.19099999999999995
XRCC3,BARD1,0.905,0.09499999999999997
XRCC3,BRCA1,0.953,0.04700000000000004
XRCC3,PALB2,0.91,0.08999999999999997
XRCC3,BRIP1,0.753,0.247
XRCC3,BRCA2,0.999,0.0010000000000000009
PALB2,TP53,0.738,0.262
PALB2,RAD51,0.999,0.0010000000000000009
PALB2,ATM,0.945,0.05500000000000005
PALB2,CHEK2,0.921,0.07899999999999996
PALB2,BARD1,0.987,0.013000000000000012
PALB2,BRCA1,0.999,0.0010000000000000009
PALB2,NDUFB4,0.973,0.027000000000000024
PALB2,AASDH,0.988,0.01200000000000001
PALB2,ATP5F1D,0.877,0.123
PALB2,NDUFB7,0.946,0.05400000000000005
PALB2,RNASEH2A,0.816,0.18400000000000005
PALB2,MRPL32,0.771,0.22899999999999998
PALB2,RAD51AP1,0.952,0.04800000000000004
PALB2,FANCE,0.884,0.11599999999999999
PALB2,MLH1,0.892,0.10799999999999998
PALB2,MSH2,0.898,0.10199999999999998
PALB2,NDUFS7,0.952,0.04800000000000004
PALB2,MSH6,0.894,0.10599999999999998
PALB2,PMPCB,0.735,0.265
PALB2,NDUFA2,0.938,0.062000000000000055
PALB2,NDUFA10,0.949,0.051000000000000045
PALB2,BRIP1,0.998,0.0020000000000000018
PALB2,NDUFB5,0.981,0.019000000000000017
PALB2,PTEN,0.727,0.273
PALB2,PWWP3B,0.775,0.22499999999999998
PALB2,RBBP8,0.953,0.04700000000000004
PALB2,MT-ND2,0.921,0.07899999999999996
PALB2,UQCRFS1,0.921,0.07899999999999996
PALB2,FASN,0.868,0.132
PALB2,WRN,0.781,0.21899999999999997
PALB2,FANCM,0.94,0.06000000000000005
PALB2,MRPL20,0.72,0.28
PALB2,NDUFS3,0.969,0.031000000000000028
PALB2,MT-ND1,0.914,0.08599999999999997
PALB2,FANCB,0.866,0.134
PALB2,MTG1,0.777,0.22299999999999998
PALB2,MT-ND4L,0.912,0.08799999999999997
PALB2,MRM3,0.762,0.238
PALB2,MLH3,0.727,0.273
PALB2,NDUFB9,0.97,0.030000000000000027
PALB2,K7EMT4_HUMAN,0.807,0.19299999999999995
PALB2,NDUFA3,0.923,0.07699999999999996
PALB2,FANCC,0.908,0.09199999999999997
PALB2,PDS5B,0.772,0.22799999999999998
PALB2,RAD51D-2,0.901,0.09899999999999998
PALB2,GEN1,0.745,0.255
PALB2,NDUFA1,0.919,0.08099999999999996
PALB2,NBN,0.801,0.19899999999999995
PALB2,CYC1,0.906,0.09399999999999997
PALB2,ERCC5,0.813,0.18700000000000006
PALB2,DNA2,0.898,0.10199999999999998
PALB2,MRPL24,0.814,0.18600000000000005
PALB2,LIG4,0.8,0.19999999999999996
PALB2,MUTYH,0.732,0.268
PALB2,PMS1,0.765,0.235
PALB2,STK11,0.843,0.15700000000000003
PALB2,NDUFB1,0.876,0.124
PALB2,GTPBP3,0.797,0.20299999999999996
PALB2,FANCF,0.835,0.16500000000000004
PALB2,RAD51B,0.89,0.10999999999999999
PALB2,NDUFS8,0.958,0.04200000000000004
PALB2,NDUFA8,0.945,0.05500000000000005
PALB2,ENSP00000497305,0.867,0.133
PALB2,MGLL,0.828,0.17200000000000004
PALB2,PRSS1,0.789,0.21099999999999997
PALB2,NDUFS2,0.94,0.06000000000000005
PALB2,NDUFS5,0.909,0.09099999999999997
PALB2,UQCR10,0.839,0.16100000000000003
PALB2,TP53BP1,0.768,0.23199999999999998
PALB2,SEM1,0.919,0.08099999999999996
PALB2,CUL3,0.706,0.29400000000000004
PALB2,CHEK1,0.701,0.29900000000000004
PALB2,MUS81,0.724,0.276
PALB2,PARP1,0.725,0.275
PALB2,PRKDC,0.794,0.20599999999999996
PALB2,RNF168,0.918,0.08199999999999996
PALB2,FANCG,0.865,0.135
PALB2,RAD51D,0.949,0.051000000000000045
PALB2,EMSY,0.732,0.268
PALB2,MORF4L1,0.998,0.0020000000000000018
PALB2,ABRAXAS1,0.701,0.29900000000000004
PALB2,H2AX,0.864,0.136
PALB2,FANCD2,0.991,0.009000000000000008
PALB2,EME1,0.763,0.237
PALB2,SLX4,0.868,0.132
PALB2,FANCA,0.9,0.09999999999999998
PALB2,BLM,0.729,0.271
PALB2,RAD51C,0.999,0.0010000000000000009
PALB2,ERCC3,0.746,0.254
PALB2,KEAP1,0.996,0.0040000000000000036
PALB2,RPA2,0.821,0.17900000000000005
PALB2,XRCC5,0.769,0.23099999999999998
PALB2,MSH3,0.802,0.19799999999999995
PALB2,MRE11,0.87,0.13
PALB2,POLD1,0.805,0.19499999999999995
PALB2,FANCL,0.883,0.11699999999999999
PALB2,FANCI,0.988,0.01200000000000001
PALB2,BRCA2,0.999,0.0010000000000000009
PALB2,XRCC2,0.856,0.14400000000000002
PALB2,TOP3A,0.702,0.29800000000000004
PRKDC,TP53,0.997,0.0030000000000000027
PRKDC,RAD51,0.823,0.17700000000000005
PRKDC,ATM,0.971,0.029000000000000026
PRKDC,CHEK2,0.937,0.06299999999999994
PRKDC,BRCA1,0.955,0.04500000000000004
PRKDC,BRCA2,0.887,0.11299999999999999
RFC2,RAD51,0.786,0.21399999999999997
RFC2,ATM,0.894,0.10599999999999998
RFC2,CHEK2,0.756,0.244
RFC2,BRCA1,0.94,0.06000000000000005
BUB1,RAD51,0.832,0.16800000000000004
BUB1,BRCA1,0.733,0.267
CDC6,TP53,0.741,0.259
CDC6,RAD51,0.823,0.17700000000000005
CDC6,CHEK2,0.803,0.19699999999999995
DCLRE1C,ATM,0.956,0.04400000000000004
DCLRE1C,BRCA1,0.779,0.22099999999999997
DCLRE1C,BRCA2,0.714,0.28600000000000003
H2AC17,BARD1,0.912,0.08799999999999997
BABAM1,BARD1,0.998,0.0020000000000000018
BABAM1,BRCA1,0.999,0.0010000000000000009
BABAM1,BRCA2,0.713,0.28700000000000003
BARD1,TP53,0.982,0.018000000000000016
BARD1,RAD51,0.999,0.0010000000000000009
BARD1,ATM,0.946,0.05400000000000005
BARD1,CHEK2,0.937,0.06299999999999994
BARD1,CBX7,0.72,0.28
BARD1,FANCE,0.791,0.20899999999999996
BARD1,MLH1,0.784,0.21599999999999997
BARD1,MSH2,0.805,0.19499999999999995
BARD1,MSH6,0.925,0.07499999999999996
BARD1,RPA1,0.75,0.25
BARD1,PHC2,0.901,0.09899999999999998
BARD1,MDM2,0.821,0.17900000000000005
BARD1,BRIP1,0.999,0.0010000000000000009
BARD1,TOPBP1,0.998,0.0020000000000000018
BARD1,H4C4,0.907,0.09299999999999997
BARD1,H2AC16,0.908,0.09199999999999997
BARD1,ANAPC7,0.906,0.09399999999999997
BARD1,ANAPC1,0.91,0.08999999999999997
BARD1,UIMC1,0.999,0.0010000000000000009
BARD1,SEM1,0.79,0.20999999999999996
BARD1,CBX4,0.903,0.09699999999999998
BARD1,UBE2S,0.961,0.039000000000000035
BARD1,PHC1,0.905,0.09499999999999997
BARD1,H4C15,0.907,0.09299999999999997
BARD1,H4C3,0.913,0.08699999999999997
BARD1,TP53BP1,0.868,0.132
BARD1,CCNA2,0.806,0.19399999999999995
BARD1,H2BC21,0.978,0.02200000000000002
BARD1,H4C14,0.907,0.09299999999999997
BARD1,H2AC11,0.908,0.09199999999999997
BARD1,CDC27,0.914,0.08599999999999997
BARD1,UBC,0.97,0.030000000000000027
BARD1,CSTF2,0.739,0.261
BARD1,RAD9A,0.711,0.28900000000000003
BARD1,H3C10,0.914,0.08599999999999997
BARD1,RAD51B,0.856,0.14400000000000002
BARD1,H2BC3,0.772,0.22799999999999998
BARD1,CBX8,0.909,0.09099999999999997
BARD1,RAD54L,0.704,0.29600000000000004
BARD1,H3C14,0.819,0.18100000000000005
BARD1,H2AC18,0.744,0.256
BARD1,NBN,0.998,0.0020000000000000018
BARD1,CBX3,0.738,0.262
BARD1,RAD51D-2,0.885,0.11499999999999999
BARD1,BRAP,0.712,0.28800000000000003
BARD1,RPS27A,0.953,0.04700000000000004
BARD1,CDK2,0.76,0.24
BARD1,PHC3,0.9,0.09999999999999998
BARD1,OLA1,0.958,0.04200000000000004
BARD1,CUL7,0.911,0.08899999999999997
BARD1,H3C7,0.911,0.08899999999999997
BARD1,DNA2,0.776,0.22399999999999998
BARD1,WRN,0.825,0.17500000000000004
BARD1,RBBP8,0.999,0.0010000000000000009
BARD1,H4C13,0.909,0.09099999999999997
BARD1,PCGF6,0.901,0.09899999999999998
BARD1,UBE2D1,0.953,0.04700000000000004
BARD1,H4C12,0.907,0.09299999999999997
BARD1,H3C15,0.819,0.18100000000000005
BARD1,ANAPC15,0.901,0.09899999999999998
BARD1,FANCC,0.742,0.258
BARD1,H3C8,0.912,0.08799999999999997
BARD1,FANCM,0.713,0.28700000000000003
BARD1,HERC2,0.706,0.29400000000000004
BARD1,MDC1,0.954,0.04600000000000004
BARD1,BUB1B,0.838,0.16200000000000003
BARD1,XRCC2,0.888,0.11199999999999999
BARD1,BRCA2,0.999,0.0010000000000000009
BARD1,BCOR,0.905,0.09499999999999997
BARD1,SUMO2,0.721,0.279
BARD1,H2BC12,0.955,0.04500000000000004
BARD1,POLD1,0.748,0.252
BARD1,H2AC4,0.909,0.09099999999999997
BARD1,BAP1,0.994,0.006000000000000005
BARD1,H4C11,0.907,0.09299999999999997
BARD1,H4C8,0.907,0.09299999999999997
BARD1,CBX2,0.904,0.09599999999999997
BARD1,RAD50,0.997,0.0030000000000000027
BARD1,UBXN1,0.706,0.29400000000000004
BARD1,XRCC5,0.822,0.17800000000000005
BARD1,H2AC15,0.906,0.09399999999999997
BARD1,UBE2D3,0.983,0.017000000000000015
BARD1,H2BC11,0.956,0.04400000000000004
BARD1,H4C5,0.907,0.09299999999999997
BARD1,CDC23,0.913,0.08699999999999997
BARD1,H3C13,0.861,0.139
BARD1,ANAPC2,0.916,0.08399999999999996
BARD1,AURKB,0.878,0.122
BARD1,MRE11,0.999,0.0010000000000000009
BARD1,H3C12,0.935,0.06499999999999995
BARD1,ANAPC5,0.915,0.08499999999999996
BARD1,H2AC13,0.953,0.04700000000000004
BARD1,PAXIP1,0.763,0.237
BARD1,EME1,0.705,0.29500000000000004
BARD1,FANCD2,0.783,0.21699999999999997
BARD1,H2AX,0.867,0.133
BARD1,ABRAXAS1,0.999,0.0010000000000000009
BARD1,RNF2,0.98,0.020000000000000018
BARD1,RAD51C,0.967,0.03300000000000003
BARD1,ANAPC4,0.916,0.08399999999999996
BARD1,RING1,0.926,0.07399999999999995
BARD1,BLM,0.718,0.28200000000000003
BARD1,BRCA1,0.999,0.0010000000000000009
BARD1,SLX4,0.734,0.266
BARD1,BABAM2,0.999,0.0010000000000000009
BARD1,CDC20,0.703,0.29700000000000004
BARD1,UBB,0.954,0.04600000000000004
BARD1,PIAS4,0.789,0.21099999999999997
BARD1,MUS81,0.711,0.28900000000000003
BARD1,CDC16,0.92,0.07999999999999996
BARD1,CHEK1,0.895,0.10499999999999998
BARD1,H2AC8,0.981,0.019000000000000017
BARD1,H2AC20,0.869,0.131
BARD1,H4C9,0.907,0.09299999999999997
BARD1,ANAPC11,0.917,0.08299999999999996
BARD1,ANAPC13,0.902,0.09799999999999998
BARD1,RAD51D,0.94,0.06000000000000005
BARD1,UBE2N,0.803,0.19699999999999995
BARD1,RNF168,0.821,0.17900000000000005
BARD1,PARP1,0.826,0.17400000000000004
H2AC20,ATM,0.801,0.19899999999999995
H2AC20,BRCA1,0.955,0.04500000000000004
VRK1,TP53,0.859,0.14100000000000001
ATMIN,ATM,0.98,0.020000000000000018
ATMIN,CHEK2,0.846,0.15400000000000003
TOX3,BRCA1,0.765,0.235
TOX3,BRCA2,0.797,0.20299999999999996
POLE2,RAD51,0.788,0.21199999999999997
POLE2,BRCA1,0.702,0.29800000000000004
PLK3,TP53,0.924,0.07599999999999996
PLK3,CHEK2,0.814,0.18600000000000005
PIK3R1,TP53,0.853,0.14700000000000002
PIK3R1,BRCA1,0.766,0.23399999999999999
CASP8,TP53,0.991,0.009000000000000008
CASP8,ATM,0.961,0.039000000000000035
RAD51,TP53,0.999,0.0010000000000000009
RAD51,TRIP13,0.774,0.22599999999999998
RAD51,CBX7,0.731,0.269
RAD51,USP11,0.72,0.28
RAD51,OIP5,0.798,0.20199999999999996
RAD51,RNASEH2A,0.739,0.261
RAD51,RPA3,0.851,0.14900000000000002
RAD51,CCND1,0.721,0.279
RAD51,RAD51AP1,0.996,0.0040000000000000036
RAD51,FANCE,0.821,0.17900000000000005
RAD51,MLH1,0.893,0.10699999999999998
RAD51,MSH2,0.944,0.05600000000000005
RAD51,MSH6,0.893,0.10699999999999998
RAD51,MAD2L2,0.891,0.10899999999999999
RAD51,MND1,0.992,0.008000000000000007
RAD51,POLK,0.84,0.16000000000000003
RAD51,RPA1,0.996,0.0040000000000000036
RAD51,H3-3B,0.76,0.24
RAD51,CCNB1,0.759,0.241
RAD51,PHC2,0.737,0.263
RAD51,CDK4,0.913,0.08699999999999997
RAD51,REV1,0.867,0.133
RAD51,BRIP1,0.951,0.049000000000000044
RAD51,TOPBP1,0.893,0.10699999999999998
RAD51,ANAPC5,0.724,0.276
RAD51,TIPIN,0.764,0.236
RAD51,XRCC1,0.837,0.16300000000000003
RAD51,MSH4,0.967,0.03300000000000003
RAD51,POLD3,0.796,0.20399999999999996
RAD51,UBE2S,0.865,0.135
RAD51,RAD18,0.994,0.006000000000000005
RAD51,MSH3,0.752,0.248
RAD51,NBN,0.925,0.07499999999999996
RAD51,CDK2,0.822,0.17800000000000005
RAD51,FANCM,0.973,0.027000000000000024
RAD51,CBX8,0.731,0.269
RAD51,CBX4,0.768,0.23199999999999998
RAD51,ATM,0.995,0.0050000000000000044
RAD51,BUB1B,0.942,0.05800000000000005
RAD51,FANCD2,0.998,0.0020000000000000018
RAD51,FANCC,0.882,0.118
RAD51,SLX4,0.853,0.14700000000000002
RAD51,MAD2L1,0.796,0.20399999999999996
RAD51,WRN,0.993,0.007000000000000006
RAD51,PLK1,0.848,0.15200000000000002
RAD51,TPX2,0.714,0.28600000000000003
RAD51,IRS1,0.878,0.122
RAD51,FEN1,0.959,0.041000000000000036
RAD51,MUS81,0.986,0.014000000000000012
RAD51,CBX2,0.736,0.264
RAD51,SWSAP1,0.731,0.269
RAD51,RMI2,0.858,0.14200000000000002
RAD51,FANCI,0.949,0.051000000000000045
RAD51,RAD9A,0.951,0.049000000000000044
RAD51,PDS5B,0.795,0.20499999999999996
RAD51,AURKB,0.785,0.21499999999999997
RAD51,ANAPC2,0.734,0.266
RAD51,TYMS,0.753,0.247
RAD51,RECQL5,0.947,0.05300000000000005
RAD51,SUMO4,0.726,0.274
RAD51,TOP3A,0.968,0.03200000000000003
RAD51,ATRIP,0.894,0.10599999999999998
RAD51,MRE11,0.984,0.016000000000000014
RAD51,PIF1,0.878,0.122
RAD51,FANCF,0.783,0.21699999999999997
RAD51,H3C13,0.758,0.242
RAD51,RAD51C,0.996,0.0040000000000000036
RAD51,ANAPC1,0.739,0.261
RAD51,H3-5,0.758,0.242
RAD51,KAT5,0.759,0.241
RAD51,MCPH1,0.763,0.237
RAD51,BABAM2,0.975,0.025000000000000022
RAD51,SMARCA4,0.765,0.235
RAD51,E2F1,0.82,0.18000000000000005
RAD51,BLM,0.998,0.0020000000000000018
RAD51,MLH3,0.876,0.124
RAD51,UBE2I,0.955,0.04500000000000004
RAD51,CDC16,0.759,0.241
RAD51,SMARCAL1,0.842,0.15800000000000003
RAD51,ANAPC11,0.739,0.261
RAD51,DNA2,0.979,0.02100000000000002
RAD51,H3C12,0.764,0.236
RAD51,XRCC2,0.981,0.019000000000000017
RAD51,WDHD1,0.882,0.118
RAD51,SMC5,0.745,0.255
RAD51,H3-4,0.875,0.125
RAD51,PARP1,0.86,0.14
RAD51,DTL,0.722,0.278
RAD51,RNF2,0.804,0.19599999999999995
RAD51,BCCIP,0.893,0.10699999999999998
RAD51,H2BC21,0.715,0.28500000000000003
RAD51,PCGF6,0.744,0.256
RAD51,PTEN,0.759,0.241
RAD51,RAD54L,0.992,0.008000000000000007
RAD51,POLH,0.893,0.10699999999999998
RAD51,ABL1,0.915,0.08499999999999996
RAD51,CDC20,0.844,0.15600000000000003
RAD51,ATRX,0.999,0.0010000000000000009
RAD51,RPA2,0.955,0.04500000000000004
RAD51,KIF4A,0.803,0.19699999999999995
RAD51,RING1,0.782,0.21799999999999997
RAD51,XPA,0.846,0.15400000000000003
RAD51,MSH5,0.915,0.08499999999999996
RAD51,MDC1,0.965,0.03500000000000003
RAD51,BCOR,0.722,0.278
RAD51,FANCG,0.862,0.138
RAD51,RAD50,0.858,0.14200000000000002
RAD51,PCNA,0.937,0.06299999999999994
RAD51,FBH1,0.962,0.038000000000000034
RAD51,RFC3,0.833,0.16700000000000004
RAD51,BRCA2,0.999,0.0010000000000000009
RAD51,ABRAXAS1,0.724,0.276
RAD51,GEN1,0.821,0.17900000000000005
RAD51,RAD1,0.822,0.17800000000000005
RAD51,TP53BP1,0.94,0.06000000000000005
RAD51,SMARCA2,0.772,0.22799999999999998
RAD51,CHEK2,0.93,0.06999999999999995
RAD51,FANCA,0.936,0.06399999999999995
RAD51,SQSTM1,0.839,0.16100000000000003
RAD51,XRCC5,0.855,0.14500000000000002
RAD51,SUMO1,0.972,0.028000000000000025
RAD51,RFC4,0.888,0.11199999999999999
RAD51,RAD9B,0.715,0.28500000000000003
RAD51,EME1,0.881,0.119
RAD51,PSMC3IP,0.908,0.09199999999999997
RAD51,CDC23,0.786,0.21399999999999997
RAD51,CDK1,0.837,0.16300000000000003
RAD51,RBBP8,0.954,0.04600000000000004
RAD51,PAXIP1,0.764,0.236
RAD51,FANCL,0.747,0.253
RAD51,CHEK1,0.998,0.0020000000000000018
RAD51,ANAPC7,0.725,0.275
RAD51,CDC45,0.927,0.07299999999999995
RAD51,SUMO2,0.818,0.18200000000000005
RAD51,RFC5,0.869,0.131
RAD51,TOP2A,0.799,0.20099999999999996
RAD51,MCM10,0.784,0.21599999999999997
RAD51,BRCA1,0.999,0.0010000000000000009
RAD51,RAD51B,0.904,0.09599999999999997
RAD51,PHC3,0.742,0.258
RAD51,ANAPC13,0.72,0.28
RAD51,UIMC1,0.783,0.21699999999999997
RAD51,RAD17,0.884,0.11599999999999999
RAD51,ANAPC4,0.723,0.277
RAD51,PBK,0.733,0.267
RAD51,H2AX,0.993,0.007000000000000006
RAD51,CDC27,0.772,0.22799999999999998
RAD51,ANAPC15,0.723,0.277
RAD51,PHC1,0.726,0.274
RAD51,CUL7,0.766,0.23399999999999999
RAD51,RAD51D,0.887,0.11299999999999999
RAD51,RAD51D-2,0.959,0.041000000000000036
RAD51,POLD1,0.921,0.07899999999999996
RAD51,MCM3,0.753,0.247
RAD51,SEM1,0.979,0.02100000000000002
RAD51,CCNA2,0.791,0.20899999999999996
RAD51,RECQL4,0.982,0.018000000000000016
RAD51,LIG4,0.794,0.20599999999999996
RAD51,UBE2T,0.728,0.272
RAD51,ERCC5,0.733,0.267
BLM,TP53,0.932,0.06799999999999995
BLM,ATM,0.991,0.009000000000000008
BLM,CHEK2,0.744,0.256
BLM,BRCA1,0.974,0.026000000000000023
BLM,BRIP1,0.95,0.050000000000000044
BLM,BRCA2,0.935,0.06499999999999995
UBE2I,TP53,0.994,0.006000000000000005
UBE2I,ATM,0.785,0.21499999999999997
UBE2I,BRCA1,0.904,0.09599999999999997
VHL,TP53,0.784,0.21599999999999997
VHL,ATM,0.701,0.29900000000000004
SMC1A,ATM,0.89,0.10999999999999999
SMC1A,BRCA1,0.93,0.06999999999999995
H4C9,TP53,0.822,0.17800000000000005
CD38,TP53,0.727,0.273
KIF4A,BRCA2,0.725,0.275
HSPB1,TP53,0.955,0.04500000000000004
RPS6KB1,ATM,0.725,0.275
H2BC21,ATM,0.745,0.255
H2BC21,CHEK2,0.717,0.28300000000000003
H2BC21,BRCA1,0.938,0.062000000000000055
SLX4,ATM,0.801,0.19899999999999995
SLX4,BRCA1,0.905,0.09499999999999997
SLX4,BRIP1,0.907,0.09299999999999997
SLX4,BRCA2,0.879,0.121
IL4,TP53,0.718,0.28200000000000003
TBP,TP53,0.997,0.0030000000000000027
RAD23B,ATM,0.941,0.05900000000000005
RAD23B,BRCA1,0.794,0.20599999999999996
RAD23B,BRCA2,0.81,0.18999999999999995
ZNF420,TP53,0.799,0.20099999999999996
ZNF420,ATM,0.88,0.12
TOPBP1,TP53,0.949,0.051000000000000045
TOPBP1,ATM,0.954,0.04600000000000004
TOPBP1,CHEK2,0.827,0.17300000000000004
TOPBP1,BRCA1,0.999,0.0010000000000000009
TOPBP1,BRIP1,0.999,0.0010000000000000009
TOPBP1,BRCA2,0.845,0.15500000000000003
RECQL4,ATM,0.858,0.14200000000000002
RECQL4,CHEK2,0.84,0.16000000000000003
RECQL4,BRCA1,0.777,0.22299999999999998
NFE2L2,TP53,0.78,0.21999999999999997
NFE2L2,BRCA1,0.813,0.18700000000000006
CDC20,BRCA1,0.766,0.23399999999999999
CDC20,BRCA2,0.712,0.28800000000000003
RAD51D-2,ATM,0.858,0.14200000000000002
RAD51D-2,CHEK2,0.882,0.118
RAD51D-2,BRCA1,0.904,0.09599999999999997
RAD51D-2,BRCA2,0.967,0.03300000000000003
NFYB,TP53,0.717,0.28300000000000003
MSH5,ATM,0.705,0.29500000000000004
MSH5,BRCA1,0.711,0.28900000000000003
MSH5,BRCA2,0.72,0.28
SMARCA2,BRCA1,0.709,0.29100000000000004
WDHD1,BRCA1,0.727,0.273
WDHD1,BRIP1,0.717,0.28300000000000003
XRCC5,ATM,0.998,0.0020000000000000018
XRCC5,CHEK2,0.855,0.14500000000000002
XRCC5,BRCA1,0.972,0.028000000000000025
XRCC5,BRCA2,0.89,0.10999999999999999
MAP3K1,TP53,0.866,0.134
MAP3K1,BRCA1,0.77,0.22999999999999998
PPIF,TP53,0.993,0.007000000000000006
BCL2L2,TP53,0.718,0.28200000000000003
TTC5,TP53,0.745,0.255
TTC5,ATM,0.787,0.21299999999999997
TTC5,CHEK2,0.796,0.20399999999999996
RAD51C,ATM,0.921,0.07899999999999996
RAD51C,CHEK2,0.887,0.11299999999999999
RAD51C,BRCA1,0.98,0.020000000000000018
RAD51C,BRIP1,0.941,0.05900000000000005
RAD51C,BRCA2,0.999,0.0010000000000000009
NANOG,TP53,0.857,0.14300000000000002
HSP90AA1,TP53,0.999,0.0010000000000000009
HSP90AA1,ATM,0.785,0.21499999999999997
HSP90AA1,BRCA1,0.752,0.248
XPA,TP53,0.738,0.262
XPA,ATM,0.908,0.09199999999999997
XPA,BRCA1,0.879,0.121
XPA,BRCA2,0.806,0.19399999999999995
CREB1,TP53,0.998,0.0020000000000000018
CREB1,ATM,0.735,0.265
CIAO3,BRIP1,0.732,0.268
TNFRSF10A,TP53,0.898,0.10199999999999998
ANAPC1,BRCA1,0.917,0.08299999999999996
ANAPC1,BRCA2,0.726,0.274
CCNE1,TP53,0.926,0.07399999999999995
CCNE1,BRCA1,0.718,0.28200000000000003
H3C12,TP53,0.971,0.029000000000000026
H3C12,ATM,0.766,0.23399999999999999
H3C12,CHEK2,0.748,0.252
H3C12,BRCA1,0.759,0.241
PIAS4,TP53,0.954,0.04600000000000004
PIAS4,ATM,0.978,0.02200000000000002
PIAS4,BRCA1,0.897,0.10299999999999998
NDOR1,BRIP1,0.701,0.29900000000000004
ARID1A,TP53,0.961,0.039000000000000035
ARID1A,BRCA1,0.801,0.19899999999999995
TP53BP1,TP53,0.999,0.0010000000000000009
TP53BP1,ATM,0.999,0.0010000000000000009
TP53BP1,CHEK2,0.996,0.0040000000000000036
TP53BP1,BRCA1,0.999,0.0010000000000000009
TP53BP1,BRCA2,0.922,0.07799999999999996
PPP1R13B,TP53,0.986,0.014000000000000012
TSC2,TP53,0.713,0.28700000000000003
TSC2,ATM,0.735,0.265
STAT5A,TP53,0.755,0.245
STAT5A,BRCA1,0.734,0.266
H3-5,TP53,0.864,0.136
H3-5,ATM,0.755,0.245
H3-5,BRCA1,0.738,0.262
CCNH,TP53,0.833,0.16700000000000004
CCNH,BRCA1,0.708,0.29200000000000004
TOP2A,TP53,0.843,0.15700000000000003
TOP2A,BRCA1,0.836,0.16400000000000003
RBBP8,ATM,0.973,0.027000000000000024
RBBP8,CHEK2,0.785,0.21499999999999997
RBBP8,BRCA1,0.999,0.0010000000000000009
RBBP8,BRIP1,0.902,0.09799999999999998
RBBP8,BRCA2,0.983,0.017000000000000015
RFC4,ATM,0.865,0.135
RFC4,CHEK2,0.717,0.28300000000000003
RFC4,BRCA1,0.94,0.06000000000000005
ATRX,TP53,0.981,0.019000000000000017
ATRX,ATM,0.897,0.10299999999999998
ATRX,CHEK2,0.788,0.21199999999999997
ATRX,BRCA1,0.858,0.14200000000000002
ATRX,BRCA2,0.891,0.10899999999999999
NR3C1,TP53,0.936,0.06399999999999995
GTF2H4,BRCA1,0.791,0.20899999999999996
SIRT1,TP53,0.999,0.0010000000000000009
SIRT1,ATM,0.856,0.14400000000000002
SIRT1,CHEK2,0.784,0.21599999999999997
SIRT1,BRCA1,0.777,0.22299999999999998
POLK,TP53,0.918,0.08199999999999996
FLT3,TP53,0.722,0.278
NUAK1,TP53,0.722,0.278
BAP1,BRCA1,0.995,0.0050000000000000044
EME1,ATM,0.726,0.274
EME1,BRCA1,0.88,0.12
EME1,BRIP1,0.728,0.272
EME1,BRCA2,0.79,0.20999999999999996
UBE2D3,BRCA1,0.997,0.0030000000000000027
CDK4,TP53,0.966,0.03400000000000003
CDK4,ATM,0.937,0.06299999999999994
CDK4,BRCA1,0.972,0.028000000000000025
CDK4,BRCA2,0.943,0.05700000000000005
MAPK8,TP53,0.997,0.0030000000000000027
MAPK8,ATM,0.792,0.20799999999999996
WWOX,TP53,0.914,0.08599999999999997
WWOX,ATM,0.806,0.19399999999999995
VCP,TP53,0.709,0.29100000000000004
VCP,BRCA1,0.787,0.21299999999999997
SMARCB1,TP53,0.976,0.02400000000000002
SMARCB1,BRCA1,0.709,0.29100000000000004
RAD50,TP53,0.709,0.29100000000000004
RAD50,ATM,0.99,0.010000000000000009
RAD50,CHEK2,0.785,0.21499999999999997
RAD50,BRCA1,0.999,0.0010000000000000009
RAD50,BRIP1,0.723,0.277
RAD50,BRCA2,0.759,0.241
CDC45,ATM,0.758,0.242
CDC45,CHEK2,0.926,0.07399999999999995
CDC45,BRCA1,0.796,0.20399999999999996
CDC45,BRCA2,0.785,0.21499999999999997
TRRAP,TP53,0.973,0.027000000000000024
TRRAP,ATM,0.772,0.22799999999999998
TOP1,TP53,0.947,0.05300000000000005
TOP1,ATM,0.722,0.278
TOP1,BRCA1,0.724,0.276
RAD17,TP53,0.807,0.19299999999999995
RAD17,ATM,0.983,0.017000000000000015
RAD17,CHEK2,0.889,0.11099999999999999
RAD17,BRCA1,0.887,0.11299999999999999
RAD17,BRIP1,0.815,0.18500000000000005
RAD17,BRCA2,0.852,0.14800000000000002
TUBG1,BRCA1,0.928,0.07199999999999995
SMARCA4,TP53,0.993,0.007000000000000006
SMARCA4,ATM,0.786,0.21399999999999997
SMARCA4,BRCA1,0.983,0.017000000000000015
H2BC3,BRCA1,0.888,0.11199999999999999
SRSF1,TP53,0.878,0.122
XRCC1,TP53,0.75,0.25
XRCC1,ATM,0.835,0.16500000000000004
XRCC1,BRCA1,0.817,0.18300000000000005
XRCC1,BRCA2,0.827,0.17300000000000004
MSH4,ATM,0.76,0.24
MSH4,BRCA1,0.723,0.277
MSH4,BRCA2,0.731,0.269
HMMR,BRCA1,0.964,0.03600000000000003
HMMR,BRCA2,0.929,0.07099999999999995
AURKB,TP53,0.908,0.09199999999999997
AURKB,BRCA2,0.79,0.20999999999999996
PARP1,TP53,0.972,0.028000000000000025
PARP1,ATM,0.875,0.125
PARP1,CHEK2,0.775,0.22499999999999998
PARP1,BRCA1,0.974,0.026000000000000023
PARP1,BRCA2,0.985,0.015000000000000013
UBE2N,TP53,0.811,0.18899999999999995
UBE2N,ATM,0.839,0.16100000000000003
UBE2N,BRCA1,0.955,0.04500000000000004
FANCL,BRCA1,0.83,0.17000000000000004
FANCL,BRIP1,0.912,0.08799999999999997
FANCL,BRCA2,0.902,0.09799999999999998
ABRAXAS2,TP53,0.79,0.20999999999999996
ABRAXAS2,BRCA1,0.814,0.18600000000000005
NOP53,TP53,0.702,0.29800000000000004
CTBP1,TP53,0.759,0.241
CTBP1,BRCA1,0.879,0.121
TRIM28,TP53,0.904,0.09599999999999997
TRIM28,ATM,0.763,0.237
H4C8,TP53,0.819,0.18100000000000005
CDK2,TP53,0.987,0.013000000000000012
CDK2,ATM,0.966,0.03400000000000003
CDK2,BRCA1,0.984,0.016000000000000014
CDK2,BRCA2,0.946,0.05400000000000005
H4C15,TP53,0.82,0.18000000000000005
MCM3,CHEK2,0.708,0.29200000000000004
TGFB1,TP53,0.809,0.19099999999999995
ATM,TP53,0.999,0.0010000000000000009
ATM,EIF3E,0.768,0.23199999999999998
ATM,RPA3,0.72,0.28
ATM,STN1,0.713,0.28700000000000003
ATM,CDKN1B,0.713,0.28700000000000003
ATM,MLH1,0.997,0.0030000000000000027
ATM,MSH2,0.999,0.0010000000000000009
ATM,MSH6,0.999,0.0010000000000000009
ATM,RPA1,0.928,0.07199999999999995
ATM,H3-3B,0.767,0.23299999999999998
ATM,TERF2,0.814,0.18600000000000005
ATM,KRAS,0.718,0.28200000000000003
ATM,CCNB1,0.775,0.22499999999999998
ATM,DDB2,0.712,0.28800000000000003
ATM,MDM2,0.995,0.0050000000000000044
ATM,BRIP1,0.933,0.06699999999999995
ATM,RCOR1,0.914,0.08599999999999997
ATM,EP300,0.904,0.09599999999999997
ATM,MSH3,0.938,0.062000000000000055
ATM,NBN,0.999,0.0010000000000000009
ATM,DAXX,0.813,0.18700000000000006
ATM,FANCM,0.745,0.255
ATM,TERF1,0.955,0.04500000000000004
ATM,BABAM2,0.777,0.22299999999999998
ATM,BRCA1,0.999,0.0010000000000000009
ATM,FANCA,0.737,0.263
ATM,PAXIP1,0.963,0.03700000000000003
ATM,ABRAXAS1,0.785,0.21499999999999997
ATM,BIVM-ERCC5,0.741,0.259
ATM,FANCD2,0.989,0.01100000000000001
ATM,H2AX,0.998,0.0020000000000000018
ATM,RAD51D,0.93,0.06999999999999995
ATM,MDM4,0.954,0.04600000000000004
ATM,BCL2,0.712,0.28800000000000003
ATM,CHEK2,0.999,0.0010000000000000009
ATM,MYC,0.871,0.129
ATM,RNF168,0.906,0.09399999999999997
ATM,RFC3,0.702,0.29800000000000004
ATM,FANCG,0.806,0.19399999999999995
ATM,CHEK1,0.998,0.0020000000000000018
ATM,MUS81,0.849,0.15100000000000002
ATM,SWSAP1,0.906,0.09399999999999997
ATM,CASP3,0.702,0.29800000000000004
ATM,PIDD1,0.856,0.14400000000000002
ATM,H3-4,0.871,0.129
ATM,PPM1D,0.924,0.07599999999999996
ATM,RNF40,0.709,0.29100000000000004
ATM,CDC25A,0.861,0.139
ATM,FOXO1,0.751,0.249
ATM,MCPH1,0.771,0.22899999999999998
ATM,PLK1,0.768,0.23199999999999998
ATM,TOP3A,0.887,0.11299999999999999
ATM,NF1,0.732,0.268
ATM,XRCC2,0.818,0.18200000000000005
ATM,RAD1,0.862,0.138
ATM,MDC1,0.999,0.0010000000000000009
ATM,FEN1,0.753,0.247
ATM,POLR2A,0.797,0.20299999999999996
ATM,POLD1,0.96,0.040000000000000036
ATM,BRCA2,0.995,0.0050000000000000044
ATM,FANCI,0.946,0.05400000000000005
ATM,KAT5,0.997,0.0030000000000000027
ATM,H3C13,0.754,0.246
ATM,MRE11,0.999,0.0010000000000000009
ATM,RNF20,0.718,0.28200000000000003
ATM,NSD2,0.715,0.28500000000000003
ATM,FBXW7,0.756,0.244
ATM,RPA2,0.95,0.050000000000000044
ATM,CDK12,0.831,0.16900000000000004
ATM,CLSPN,0.888,0.11199999999999999
ATM,ERCC3,0.863,0.137
ATM,SQSTM1,0.933,0.06699999999999995
ATM,LOC102723407,0.787,0.21299999999999997
ATM,AKT1,0.742,0.258
ATM,LIG4,0.987,0.013000000000000012
ATM,BRAF,0.778,0.22199999999999998
ATM,DNA2,0.95,0.050000000000000044
ATM,CDK1,0.733,0.267
ATM,H2AC18,0.801,0.19899999999999995
ATM,ERCC5,0.975,0.025000000000000022
ATM,GEN1,0.742,0.258
ATM,FANCC,0.775,0.22499999999999998
ATM,MLH3,0.771,0.22899999999999998
ATM,RFC1,0.799,0.20099999999999996
ATM,RFC5,0.706,0.29400000000000004
ATM,FOXO3,0.826,0.17400000000000004
ATM,WRN,0.955,0.04500000000000004
ATM,PTEN,0.897,0.10299999999999998
ATM,KDM6A,0.712,0.28800000000000003
ATM,E2F1,0.756,0.244
ATM,CCNA2,0.815,0.18500000000000005
ATM,CDKN2A,0.847,0.15300000000000002
ATM,DYRK2,0.869,0.131
ATM,NOTCH1,0.723,0.277
ATM,UIMC1,0.797,0.20299999999999996
ATM,RAD9B,0.826,0.17400000000000004
ATM,RAD51B,0.865,0.135
ATM,TERT,0.825,0.17500000000000004
ATM,ABL1,0.988,0.01200000000000001
ATM,RAD54L,0.756,0.244
ATM,CDK9,0.721,0.279
ATM,RAD9A,0.961,0.039000000000000035
ATM,UBC,0.733,0.267
ATM,STK11,0.89,0.10999999999999999
ATM,PMS1,0.863,0.137
ATM,ATRIP,0.998,0.0020000000000000018
TPX2,TP53,0.903,0.09699999999999998
TPX2,BRCA1,0.922,0.07799999999999996
BIVM-ERCC5,BRCA1,0.748,0.252
BIVM-ERCC5,BRCA2,0.754,0.246
STN1,BRCA1,0.753,0.247
CCT7,TP53,0.823,0.17700000000000005
SUMO1,TP53,0.996,0.0040000000000000036
SUMO1,BRCA1,0.879,0.121
H2AC4,TP53,0.8,0.19999999999999996
NFKBIA,TP53,0.915,0.08499999999999996
SMARCAL1,BRCA2,0.711,0.28900000000000003
TCHP,TP53,0.946,0.05400000000000005
TCHP,BRCA1,0.731,0.269
TCHP,BRCA2,0.716,0.28400000000000003
EMSY,BRCA1,0.825,0.17500000000000004
EMSY,BRCA2,0.997,0.0030000000000000027
BRIP1,BRCA1,0.999,0.0010000000000000009
BRIP1,FANCE,0.895,0.10499999999999998
BRIP1,MLH1,0.999,0.0010000000000000009
BRIP1,MSH2,0.793,0.20699999999999996
BRIP1,RPA1,0.938,0.062000000000000055
BRIP1,FANCA,0.907,0.09299999999999997
BRIP1,CIAO2B,0.852,0.14800000000000002
BRIP1,FANCD2,0.997,0.0030000000000000027
BRIP1,FANCG,0.885,0.11499999999999999
BRIP1,RAD51D,0.839,0.16100000000000003
BRIP1,RMI2,0.752,0.248
BRIP1,MUS81,0.899,0.10099999999999998
BRIP1,CHEK1,0.933,0.06699999999999995
BRIP1,RECQL5,0.716,0.28400000000000003
BRIP1,FANCI,0.994,0.006000000000000005
BRIP1,BRCA2,0.998,0.0020000000000000018
BRIP1,POLD1,0.8,0.19999999999999996
BRIP1,TOP3A,0.749,0.251
BRIP1,CIAO1,0.762,0.238
BRIP1,XRCC2,0.804,0.19599999999999995
BRIP1,RHNO1,0.822,0.17800000000000005
BRIP1,MRE11,0.998,0.0020000000000000018
BRIP1,POLL,0.702,0.29800000000000004
BRIP1,KAT5,0.833,0.16700000000000004
BRIP1,FBH1,0.713,0.28700000000000003
BRIP1,ERCC3,0.866,0.134
BRIP1,CLSPN,0.904,0.09599999999999997
BRIP1,DNA2,0.882,0.118
BRIP1,NBN,0.998,0.0020000000000000018
BRIP1,GEN1,0.713,0.28700000000000003
BRIP1,FANCB,0.921,0.07899999999999996
BRIP1,FANCM,0.969,0.031000000000000028
BRIP1,FANCC,0.913,0.08699999999999997
BRIP1,WRN,0.915,0.08499999999999996
BRIP1,PIF1,0.853,0.14700000000000002
BRIP1,FANCF,0.882,0.118
BRIP1,RAD51B,0.756,0.244
BRIP1,ATRIP,0.827,0.17300000000000004
BRIP1,RAD9A,0.812,0.18799999999999994
BRIP1,PMS1,0.75,0.25
BRIP1,MMS19,0.961,0.039000000000000035
BRIP1,UBE2T,0.742,0.258
COMMD3-BMI1,TP53,0.787,0.21299999999999997
COMMD3-BMI1,BRCA1,0.716,0.28400000000000003
KEAP1,TP53,0.81,0.18999999999999995
KEAP1,BRCA1,0.757,0.243
KEAP1,BRCA2,0.773,0.22699999999999998
FEN1,BRCA1,0.704,0.29600000000000004
FEN1,BRCA2,0.794,0.20599999999999996
LIG4,BRCA1,0.878,0.122
LIG4,BRCA2,0.887,0.11299999999999999
RNF40,TP53,0.732,0.268
BCL2,TP53,0.999,0.0010000000000000009
BCL2,BRCA1,0.8,0.19999999999999996
CUL9,TP53,0.971,0.029000000000000026
BRD7,TP53,0.99,0.010000000000000009
BRD7,BRCA1,0.816,0.18400000000000005
CTNNB1,TP53,0.927,0.07299999999999995
CTNNB1,BRCA1,0.731,0.269
CBX8,BRCA1,0.908,0.09199999999999997
CBX8,BRCA2,0.772,0.22799999999999998
ABL1,TP53,0.909,0.09099999999999997
ABL1,BRCA1,0.956,0.04400000000000004
STK11,TP53,0.97,0.030000000000000027
STK11,BRCA1,0.74,0.26
STK11,BRCA2,0.83,0.17000000000000004
RNF2,TP53,0.834,0.16600000000000004
RNF2,BRCA1,0.923,0.07699999999999996
RNF2,BRCA2,0.755,0.245
RPS27A,TP53,0.971,0.029000000000000026
RPS27A,BRCA1,0.725,0.275
SUMO4,TP53,0.93,0.06999999999999995
RCOR1,TP53,0.703,0.29700000000000004
NSD2,TP53,0.769,0.23099999999999998
NSD2,BRCA1,0.796,0.20399999999999996
RB1CC1,TP53,0.984,0.016000000000000014
FANCF,BRCA1,0.887,0.11299999999999999
FANCF,BRCA2,0.908,0.09199999999999997
ANAPC15,BRCA1,0.9,0.09999999999999998
ANAPC15,BRCA2,0.72,0.28
CDC23,BRCA1,0.911,0.08899999999999997
CDC23,BRCA2,0.729,0.271
MYC,TP53,0.997,0.0030000000000000027
MYC,BRCA1,0.999,0.0010000000000000009
MYC,BRCA2,0.759,0.241
CHEK2,TP53,0.999,0.0010000000000000009
CHEK2,USP28,0.852,0.14800000000000002
CHEK2,MCM5,0.811,0.18899999999999995
CHEK2,ASF1A,0.91,0.08999999999999997
CHEK2,FANCE,0.712,0.28800000000000003
CHEK2,MLH1,0.834,0.16600000000000004
CHEK2,MSH2,0.934,0.06599999999999995
CHEK2,MSH6,0.89,0.10999999999999999
CHEK2,GINS2,0.757,0.243
CHEK2,CCNB1,0.817,0.18300000000000005
CHEK2,MDM2,0.983,0.017000000000000015
CHEK2,TIPIN,0.744,0.256
CHEK2,NBN,0.935,0.06499999999999995
CHEK2,FANCM,0.814,0.18600000000000005
CHEK2,FANCD2,0.865,0.135
CHEK2,FANCC,0.755,0.245
CHEK2,MAD2L1,0.712,0.28800000000000003
CHEK2,WRN,0.824,0.17600000000000005
CHEK2,PLK1,0.9,0.09999999999999998
CHEK2,CDC25A,0.998,0.0020000000000000018
CHEK2,PPM1D,0.918,0.08199999999999996
CHEK2,MUS81,0.906,0.09399999999999997
CHEK2,RAD9A,0.981,0.019000000000000017
CHEK2,CLSPN,0.756,0.244
CHEK2,RNF168,0.751,0.249
CHEK2,ATRIP,0.824,0.17600000000000005
CHEK2,MRE11,0.9,0.09999999999999998
CHEK2,CUL1,0.707,0.29300000000000004
CHEK2,KAT5,0.75,0.25
CHEK2,BABAM2,0.728,0.272
CHEK2,DNA2,0.756,0.244
CHEK2,XRCC2,0.757,0.243
CHEK2,SMC5,0.74,0.26
CHEK2,H3-4,0.822,0.17800000000000005
CHEK2,MDM4,0.92,0.07999999999999996
CHEK2,PTEN,0.81,0.18999999999999995
CHEK2,RAD54L,0.722,0.278
CHEK2,MDC1,0.99,0.010000000000000009
CHEK2,BRCA2,0.985,0.015000000000000013
CHEK2,ABRAXAS1,0.79,0.20999999999999996
CHEK2,RAD1,0.74,0.26
CHEK2,BRCA1,0.999,0.0010000000000000009
CHEK2,H2AX,0.957,0.04300000000000004
CHEK2,RAD51D,0.89,0.10999999999999999
CHEK2,CHEK1,0.971,0.029000000000000026
CHEK2,POLD1,0.753,0.247
CHEK2,MUTYH,0.739,0.261
CHEK2,CDKN2A,0.758,0.242
CHEK2,CCNA2,0.746,0.254
CHEK2,UIMC1,0.721,0.279
CHEK2,RAD51B,0.785,0.21499999999999997
CBX3,BRCA1,0.834,0.16600000000000004
TIGAR,TP53,0.981,0.019000000000000017
CUL7,TP53,0.969,0.031000000000000028
CUL7,BRCA1,0.913,0.08699999999999997
CUL7,BRCA2,0.726,0.274
MDM4,TP53,0.999,0.0010000000000000009
MDM4,BRCA1,0.77,0.22999999999999998
KRAS,TP53,0.949,0.051000000000000045
KRAS,BRCA1,0.721,0.279
KRAS,BRCA2,0.721,0.279
PCNA,TP53,0.913,0.08699999999999997
UBB,TP53,0.799,0.20099999999999996
CBX2,BRCA1,0.94,0.06000000000000005
CBX2,BRCA2,0.754,0.246
GATA3,TP53,0.724,0.276
GATA3,BRCA1,0.77,0.22999999999999998
CDC27,BRCA1,0.923,0.07699999999999996
CDC27,BRCA2,0.763,0.237
PMS1,TP53,0.706,0.29400000000000004
PMS1,BRCA1,0.886,0.11399999999999999
PMS1,BRCA2,0.843,0.15700000000000003
FANCM,BRCA1,0.916,0.08399999999999996
FANCM,BRCA2,0.937,0.06299999999999994
SKP2,TP53,0.716,0.28400000000000003
SKP2,BRCA1,0.741,0.259
CCND1,TP53,0.946,0.05400000000000005
CCND1,BRCA1,0.922,0.07799999999999996
CCND1,BRCA2,0.861,0.139
DNMT1,TP53,0.997,0.0030000000000000027
DNMT1,BRCA1,0.799,0.20099999999999996
POLD1,BRCA1,0.937,0.06299999999999994
POLD1,BRCA2,0.896,0.10399999999999998
KAT5,TP53,0.996,0.0040000000000000036
KAT5,BRCA1,0.85,0.15000000000000002
SYCP3,BRCA1,0.749,0.251
SYCP3,BRCA2,0.969,0.031000000000000028
E2F8,TP53,0.765,0.235
DDX5,TP53,0.997,0.0030000000000000027
DDX5,BRCA1,0.764,0.236
KDM6A,TP53,0.71,0.29000000000000004
CDC25A,TP53,0.861,0.139
CDC25A,BRCA1,0.929,0.07099999999999995
H2BC11,TP53,0.874,0.126
H2BC11,BRCA1,0.799,0.20099999999999996
H4C11,TP53,0.819,0.18100000000000005
RBX1,TP53,0.776,0.22399999999999998
PSMD10,TP53,0.866,0.134
H3C10,TP53,0.86,0.14
CREBBP,TP53,0.999,0.0010000000000000009
CREBBP,BRCA1,0.968,0.03200000000000003
FANCA,BRCA1,0.995,0.0050000000000000044
FANCA,BRCA2,0.968,0.03200000000000003
BCOR,BRCA1,0.904,0.09599999999999997
BCOR,BRCA2,0.729,0.271
ANAPC13,BRCA1,0.905,0.09499999999999997
ANAPC13,BRCA2,0.72,0.28
PPM1D,TP53,0.883,0.11699999999999999
CDKN1B,TP53,0.991,0.009000000000000008
USP11,TP53,0.864,0.136
USP11,BRCA1,0.723,0.277
USP11,BRCA2,0.934,0.06599999999999995
MLH1,TP53,0.965,0.03500000000000003
MLH1,BRCA1,0.994,0.006000000000000005
MLH1,BRCA2,0.954,0.04600000000000004
RET,TP53,0.801,0.19899999999999995
RET,BRCA2,0.705,0.29500000000000004
PIN1,TP53,0.946,0.05400000000000005
MAPK12,TP53,0.946,0.05400000000000005
EIF2AK2,TP53,0.775,0.22499999999999998
MCPH1,BRCA2,0.844,0.15600000000000003
TERF2,BRCA1,0.935,0.06499999999999995
FOXO1,TP53,0.886,0.11399999999999999
PML,TP53,0.967,0.03300000000000003
PML,BRCA1,0.72,0.28
ANAPC2,BRCA1,0.912,0.08799999999999997
ANAPC2,BRCA2,0.76,0.24
NPM1,TP53,0.997,0.0030000000000000027
NPM1,BRCA1,0.773,0.22699999999999998
NPM1,BRCA2,0.856,0.14400000000000002
ERCC3,TP53,0.908,0.09199999999999997
ERCC3,BRCA1,0.765,0.235
ERCC3,BRCA2,0.75,0.25
JUN,TP53,0.997,0.0030000000000000027
JUN,BRCA1,0.794,0.20599999999999996
E2F4,TP53,0.872,0.128
E2F4,BRCA1,0.742,0.258
SETX,BRCA1,0.99,0.010000000000000009
CCNB1,TP53,0.914,0.08599999999999997
CCNB1,BRCA1,0.916,0.08399999999999996
RAD1,BRCA1,0.778,0.22199999999999998
MLH3,BRCA1,0.773,0.22699999999999998
MLH3,BRCA2,0.783,0.21699999999999997
SUMO2,TP53,0.965,0.03500000000000003
SUMO2,BRCA1,0.912,0.08799999999999997
RPA3,BRCA1,0.836,0.16400000000000003
RPA3,BRCA2,0.762,0.238
CUL3,BRCA1,0.709,0.29100000000000004
HDAC5,TP53,0.768,0.23199999999999998
AKT1,TP53,0.994,0.006000000000000005
AKT1,BRCA1,0.993,0.007000000000000006
PTEN,TP53,0.999,0.0010000000000000009
PTEN,BRCA1,0.821,0.17900000000000005
PTEN,BRCA2,0.877,0.123
LOC102723407,TP53,0.813,0.18700000000000006
TERF1,BRCA1,0.911,0.08899999999999997
PIAS1,TP53,0.897,0.10299999999999998
PIAS1,BRCA1,0.943,0.05700000000000005
ERCC5,BRCA1,0.911,0.08899999999999997
ERCC5,BRCA2,0.913,0.08699999999999997
RFC1,BRCA1,0.802,0.19799999999999995
UBC,TP53,0.921,0.07899999999999996
UBC,BRCA1,0.888,0.11199999999999999
FANCE,BRCA1,0.92,0.07999999999999996
FANCE,BRCA2,0.899,0.10099999999999998
H4C4,TP53,0.821,0.17900000000000005
RMI2,BRCA1,0.856,0.14400000000000002
RMI2,BRCA2,0.717,0.28300000000000003
ATRIP,TP53,0.84,0.16000000000000003
ATRIP,BRCA1,0.972,0.028000000000000025
ATRIP,BRCA2,0.792,0.20799999999999996
IL2,TP53,0.741,0.259
DTL,TP53,0.727,0.273
H3C8,TP53,0.859,0.14100000000000001
CDK7,TP53,0.888,0.11199999999999999
CDK7,BRCA1,0.765,0.235
BRCA1,TP53,0.999,0.0010000000000000009
BRCA1,CBX7,0.764,0.236
BRCA1,USF2,0.78,0.21999999999999997
BRCA1,RAD51AP1,0.854,0.14600000000000002
BRCA1,MSH2,0.994,0.006000000000000005
BRCA1,MSH6,0.996,0.0040000000000000036
BRCA1,MND1,0.844,0.15600000000000003
BRCA1,PARP2,0.739,0.261
BRCA1,RPA1,0.96,0.040000000000000036
BRCA1,H3-3B,0.735,0.265
BRCA1,PHC2,0.901,0.09899999999999998
BRCA1,MDM2,0.794,0.20599999999999996
BRCA1,MNAT1,0.751,0.249
BRCA1,UBE2K,0.908,0.09199999999999997
BRCA1,HERC2,0.849,0.15100000000000002
BRCA1,ANAPC5,0.911,0.08899999999999997
BRCA1,EP300,0.986,0.014000000000000012
BRCA1,POLD3,0.723,0.277
BRCA1,PIK3CA,0.728,0.272
BRCA1,UBE2S,0.963,0.03700000000000003
BRCA1,RAD18,0.895,0.10499999999999998
BRCA1,MSH3,0.91,0.08999999999999997
BRCA1,NBN,0.993,0.007000000000000006
BRCA1,RB1,0.858,0.14200000000000002
BRCA1,CBX4,0.915,0.08499999999999996
BRCA1,EGFR,0.8,0.19999999999999996
BRCA1,OLA1,0.868,0.132
BRCA1,BUB1B,0.905,0.09499999999999997
BRCA1,FANCD2,0.999,0.0010000000000000009
BRCA1,FANCC,0.926,0.07399999999999995
BRCA1,UBXN1,0.79,0.20999999999999996
BRCA1,WRN,0.983,0.017000000000000015
BRCA1,PLK1,0.96,0.040000000000000036
BRCA1,H2AC8,0.925,0.07499999999999996
BRCA1,MUS81,0.911,0.08899999999999997
BRCA1,FANCI,0.993,0.007000000000000006
BRCA1,RAD9A,0.895,0.10499999999999998
BRCA1,CLSPN,0.898,0.10199999999999998
BRCA1,RECQL5,0.728,0.272
BRCA1,EZH2,0.926,0.07399999999999995
BRCA1,RNF168,0.982,0.018000000000000016
BRCA1,TOP3A,0.898,0.10199999999999998
BRCA1,MRE11,0.999,0.0010000000000000009
BRCA1,PIF1,0.738,0.262
BRCA1,MORF4L1,0.763,0.237
BRCA1,H3C13,0.743,0.257
BRCA1,FOXO3,0.749,0.251
BRCA1,BABAM2,0.999,0.0010000000000000009
BRCA1,E2F1,0.879,0.121
BRCA1,ERCC6,0.727,0.273
BRCA1,CDC16,0.927,0.07299999999999995
BRCA1,H2BC12,0.791,0.20899999999999996
BRCA1,ANAPC11,0.913,0.08699999999999997
BRCA1,NF1,0.876,0.124
BRCA1,DNA2,0.897,0.10299999999999998
BRCA1,XRCC2,0.954,0.04600000000000004
BRCA1,TOPORS,0.752,0.248
BRCA1,SMC5,0.759,0.241
BRCA1,H3-4,0.872,0.128
BRCA1,IFI16,0.953,0.04700000000000004
BRCA1,H2AC18,0.885,0.11499999999999999
BRCA1,PCGF6,0.907,0.09299999999999997
BRCA1,RAD54L,0.796,0.20399999999999996
BRCA1,POLH,0.701,0.29900000000000004
BRCA1,CDK9,0.738,0.262
BRCA1,RPA2,0.881,0.119
BRCA1,UBE2D1,0.973,0.027000000000000024
BRCA1,RING1,0.917,0.08299999999999996
BRCA1,AR,0.908,0.09199999999999997
BRCA1,MDC1,0.999,0.0010000000000000009
BRCA1,FANCG,0.939,0.061000000000000054
BRCA1,RFC3,0.75,0.25
BRCA1,BRCA2,0.999,0.0010000000000000009
BRCA1,ABRAXAS1,0.999,0.0010000000000000009
BRCA1,GEN1,0.746,0.254
BRCA1,AKT2,0.938,0.062000000000000055
BRCA1,PSMC3IP,0.786,0.21399999999999997
BRCA1,CDK1,0.878,0.122
BRCA1,PAXIP1,0.836,0.16400000000000003
BRCA1,RELA,0.878,0.122
BRCA1,CSTF2,0.755,0.245
BRCA1,CHEK1,0.996,0.0040000000000000036
BRCA1,ANAPC7,0.906,0.09399999999999997
BRCA1,CDK12,0.849,0.15100000000000002
BRCA1,BRAP,0.997,0.0030000000000000027
BRCA1,RFC5,0.756,0.244
BRCA1,MCM10,0.849,0.15100000000000002
BRCA1,CDKN2A,0.832,0.16800000000000004
BRCA1,POLR2A,0.954,0.04600000000000004
BRCA1,RHNO1,0.802,0.19799999999999995
BRCA1,H2AX,0.999,0.0010000000000000009
BRCA1,ANAPC4,0.91,0.08999999999999997
BRCA1,RAD51D,0.953,0.04700000000000004
BRCA1,UIMC1,0.999,0.0010000000000000009
BRCA1,PHC1,0.905,0.09499999999999997
BRCA1,SEM1,0.895,0.10499999999999998
BRCA1,CCNA2,0.956,0.04400000000000004
BRCA1,UBE2T,0.849,0.15100000000000002
BRCA1,RAD51B,0.922,0.07799999999999996
BRCA1,HDAC2,0.953,0.04700000000000004
BRCA1,PHC3,0.911,0.08899999999999997
BRCA1,FANCB,0.791,0.20899999999999996
FBXW7,TP53,0.96,0.040000000000000036
FOXO3,TP53,0.998,0.0020000000000000018
RAD51B,BRCA2,0.961,0.039000000000000035
XRCC2,BRCA2,0.982,0.018000000000000016
PHC3,TP53,0.705,0.29500000000000004
PHC3,BRCA2,0.735,0.265
WRN,TP53,0.963,0.03700000000000003
WRN,BRCA2,0.888,0.11199999999999999
MYOD1,TP53,0.797,0.20299999999999996
MDC1,TP53,0.853,0.14700000000000002
MDC1,BRCA2,0.857,0.14300000000000002
DYRK2,TP53,0.87,0.13
POU5F1,TP53,0.824,0.17600000000000005
RPA2,TP53,0.774,0.22599999999999998
RPA2,BRCA2,0.861,0.139
RNF20,TP53,0.929,0.07099999999999995
MND1,BRCA2,0.868,0.132
RB1,TP53,0.936,0.06399999999999995
PER2,TP53,0.879,0.121
APEX1,TP53,0.944,0.05600000000000005
AIMP2,TP53,0.767,0.23299999999999998
CDK12,TP53,0.775,0.22499999999999998
CDK12,BRCA2,0.74,0.26
GEN1,BRCA2,0.796,0.20399999999999996
PRKAB2,TP53,0.774,0.22599999999999998
PCGF6,BRCA2,0.726,0.274
H4C13,TP53,0.82,0.18000000000000005
UBE2K,TP53,0.753,0.247
SKP1,TP53,0.812,0.18799999999999994
FANCD2,BRCA2,0.999,0.0010000000000000009
ANAPC11,BRCA2,0.73,0.27
E2F1,TP53,0.986,0.014000000000000012
CD4,TP53,0.703,0.29700000000000004
GADD45G,TP53,0.937,0.06299999999999994
FANCI,BRCA2,0.996,0.0040000000000000036
CDKN2A,TP53,0.999,0.0010000000000000009
CDKN2A,BRCA2,0.806,0.19399999999999995
PPP2CB,TP53,0.714,0.28600000000000003
SIRT2,TP53,0.768,0.23199999999999998
H3C13,TP53,0.863,0.137
RAD51AP1,BRCA2,0.794,0.20599999999999996
ERCC6,TP53,0.752,0.248
TP53,USP28,0.806,0.19399999999999995
TP53,SNAI2,0.915,0.08499999999999996
TP53,TNFRSF1A,0.741,0.259
TP53,GADD45B,0.964,0.03600000000000003
TP53,MAPK1,0.998,0.0020000000000000018
TP53,CSNK2A1,0.959,0.041000000000000036
TP53,STUB1,0.968,0.03200000000000003
TP53,KAT2A,0.909,0.09099999999999997
TP53,MSH2,0.974,0.026000000000000023
TP53,MSH6,0.826,0.17400000000000004
TP53,WDR77,0.787,0.21299999999999997
TP53,TP53I3,0.903,0.09699999999999998
TP53,SNAI1,0.992,0.008000000000000007
TP53,FOXA1,0.735,0.265
TP53,NEDD8,0.808,0.19199999999999995
TP53,RRM2B,0.992,0.008000000000000007
TP53,TSG101,0.701,0.29900000000000004
TP53,PXDN,0.821,0.17900000000000005
TP53,GDF15,0.762,0.238
TP53,DNAJB1,0.951,0.049000000000000044
TP53,RPA1,0.999,0.0010000000000000009
TP53,H3-3B,0.865,0.135
TP53,CABLES1,0.864,0.136
TP53,DDB2,0.979,0.02100000000000002
TP53,PDGFRA,0.762,0.238
TP53,MDM2,0.999,0.0010000000000000009
TP53,DRAM1,0.83,0.17000000000000004
TP53,THBS1,0.72,0.28
TP53,HERC2,0.816,0.18400000000000005
TP53,EP300,0.999,0.0010000000000000009
TP53,KAT2B,0.985,0.015000000000000013
TP53,PIK3CA,0.941,0.05900000000000005
TP53,NBN,0.763,0.237
TP53,DAXX,0.999,0.0010000000000000009
TP53,SQSTM1,0.901,0.09899999999999998
TP53,H4C5,0.822,0.17800000000000005
TP53,EZH2,0.899,0.10099999999999998
TP53,MRE11,0.905,0.09499999999999997
TP53,RELA,0.955,0.04500000000000004
TP53,TOPORS,0.952,0.04800000000000004
TP53,H2BC12,0.876,0.124
TP53,BRCA2,0.995,0.0050000000000000044
TP53,TOP3A,0.736,0.264
TP53,NF1,0.88,0.12
TP53,BUB1B,0.745,0.255
TP53,CUL1,0.709,0.29100000000000004
TP53,PBK,0.873,0.127
TP53,PLK1,0.981,0.019000000000000017
TP53,H3-4,0.863,0.137
TP53,PIDD1,0.958,0.04200000000000004
TP53,CASP3,0.956,0.04400000000000004
TP53,H2AC8,0.86,0.14
TP53,CHEK1,0.997,0.0030000000000000027
TP53,IFI16,0.988,0.01200000000000001
TP53,H2AX,0.892,0.10799999999999998
TP53,AR,0.905,0.09499999999999997
TP53,RING1,0.819,0.18100000000000005
TP53,RAD9A,0.813,0.18700000000000006
TP53,H4C14,0.88,0.12
TP53,CDK9,0.889,0.11099999999999999
TP53,HDAC2,0.99,0.010000000000000009
TP53,TERT,0.902,0.09799999999999998
TP53,CCNA2,0.997,0.0030000000000000027
TP53,H4C3,0.824,0.17600000000000005
TP53,NOTCH1,0.789,0.21099999999999997
TP53,H4C12,0.82,0.18000000000000005
TP53,AKT2,0.973,0.027000000000000024
TP53,FANCC,0.871,0.129
TP53,IRS1,0.702,0.29800000000000004
TP53,TYMS,0.774,0.22599999999999998
TP53,CDK1,0.962,0.038000000000000034
TP53,H3C7,0.857,0.14300000000000002
TP53,BRAF,0.887,0.11299999999999999
TP53,EGFR,0.943,0.05700000000000005
TP53,MUTYH,0.746,0.254
ANAPC4,BRCA2,0.72,0.28
RAD54L,BRCA2,0.782,0.21799999999999997
DNA2,BRCA2,0.892,0.10799999999999998
BRAF,BRCA2,0.721,0.279
H3-4,BRCA2,0.706,0.29400000000000004
UIMC1,BRCA2,0.8,0.19999999999999996
RAD51D,BRCA2,0.983,0.017000000000000015
BABAM2,BRCA2,0.96,0.040000000000000036
MDM2,BRCA2,0.702,0.29800000000000004
PIK3CA,BRCA2,0.812,0.18799999999999994
CBX7,BRCA2,0.753,0.247
SEM1,BRCA2,0.999,0.0010000000000000009
FANCG,BRCA2,0.997,0.0030000000000000027
PDS5B,BRCA2,0.939,0.061000000000000054
MUS81,BRCA2,0.919,0.08099999999999996
ANAPC5,BRCA2,0.72,0.28
RPA1,BRCA2,0.807,0.19299999999999995
MSH3,BRCA2,0.839,0.16100000000000003
MORF4L1,BRCA2,0.733,0.267
CBX4,BRCA2,0.761,0.239
BCCIP,BRCA2,0.997,0.0030000000000000027
MRE11,BRCA2,0.967,0.03300000000000003
PLK1,BRCA2,0.996,0.0040000000000000036
MSH6,BRCA2,0.967,0.03300000000000003
RNF168,BRCA2,0.796,0.20399999999999996
RING1,BRCA2,0.739,0.261
BRCA2,MSH2,0.968,0.03200000000000003
BRCA2,PARP2,0.865,0.135
BRCA2,PHC2,0.72,0.28
BRCA2,KAT2B,0.953,0.04700000000000004
BRCA2,UBE2S,0.779,0.22099999999999997
BRCA2,NBN,0.901,0.09899999999999998
BRCA2,BUB1B,0.953,0.04700000000000004
BRCA2,FANCC,0.919,0.08099999999999996
BRCA2,SWSAP1,0.775,0.22499999999999998
BRCA2,RAD9A,0.931,0.06899999999999995
BRCA2,RECQL5,0.712,0.28800000000000003
BRCA2,TOP3A,0.915,0.08499999999999996
BRCA2,CDC16,0.761,0.239
BRCA2,NF1,0.75,0.25
BRCA2,RFC3,0.723,0.277
BRCA2,ANAPC7,0.722,0.278
BRCA2,CCNA2,0.877,0.123
BRCA2,PHC1,0.734,0.266
BRCA2,MUTYH,0.728,0.272
BRCA2,FANCB,0.91,0.08999999999999997
BRCA2,H2AX,0.973,0.027000000000000024
BRCA2,ABRAXAS1,0.755,0.245
BRCA2,CHEK1,0.963,0.03700000000000003
